task_id,project_id,name,status,start_date,end_date,priority
2784378f-f84f-46b3-a79f-bfafdef57689,d4aac9a3-3ed8-456c-9a09-dfa052828d80,Compatible methodical toolset,Not Started,2022-04-03,2025-10-04,Low
a65bb1f2-65c1-4795-b155-16bc9f8ded97,935f2b0a-a138-4ddc-a2d9-de5d6a18ce4c,Configurable full-range service-desk,In Progress,2024-07-15,2026-06-19,Medium
b7fddd71-a075-4927-9110-b492f4427e0b,ff37d19c-2e76-428b-8735-44f9ea83bf00,Virtual mobile moratorium,Completed,2020-04-21,2021-03-01,Medium
ebc2026f-af34-4f65-a193-c4b23c19e71d,74672cd9-362f-4e5c-93cd-6268610cf373,Horizontal discrete synergy,In Progress,2020-10-07,2027-05-20,Medium
a23d4c2f-c2a7-4689-9933-918cfa745761,f6f7f0cc-29ec-4e49-91bd-b8c0c71d5e60,Triple-buffered bandwidth-monitored intranet,Completed,2021-05-31,2025-02-03,Medium
530a37df-0bc6-4066-8769-165fe746ccb9,935f2b0a-a138-4ddc-a2d9-de5d6a18ce4c,Centralized explicit help-desk,Completed,2023-03-10,2027-04-30,High
697c3923-87fa-441a-be83-b91f25440fe0,74672cd9-362f-4e5c-93cd-6268610cf373,Re-contextualized systemic utilization,Completed,2021-07-13,2022-11-22,High
deef580f-9c07-4751-9437-45092cd1586a,f6f7f0cc-29ec-4e49-91bd-b8c0c71d5e60,Multi-tiered regional software,Not Started,2022-01-18,2028-06-19,Medium
3b70b3a1-24a3-4cf2-9549-c931e9af299d,dc0f2fcf-b3f6-4e0d-8860-3b32b4fb0eb9,Persistent scalable extranet,In Progress,2023-11-28,2024-05-05,High
cdfc6ee0-e61e-4e90-8267-deb3aab612c9,70286046-49bc-473f-ad7b-f656218a1536,Persistent executive service-desk,Not Started,2024-08-25,2022-09-08,High
5876fd09-f1fa-4665-b115-33f312e89d10,7de31a51-6694-4343-90ba-58e3d2762bdc,Reverse-engineered exuding productivity,Not Started,2023-08-11,2024-04-03,Low
32ffe294-4d57-4880-9865-d69a74f33103,6ba25efe-311c-4eb6-a095-eef68dedf9fb,Networked mission-critical benchmark,In Progress,2022-01-06,2026-06-27,Medium
4bbe4aff-9326-4ffd-9be4-bf5192698698,d4aac9a3-3ed8-456c-9a09-dfa052828d80,Total explicit adapter,Not Started,2023-05-14,2024-09-01,Low
af908e3c-dd75-4e98-90e0-b95f0212b554,44656d6b-81fb-48b3-89a7-d91fef2ae713,Vision-oriented value-added application,Completed,2024-03-23,2024-11-13,Medium
9b689c88-3ae9-49fe-8c82-18dac696f5e6,f6f7f0cc-29ec-4e49-91bd-b8c0c71d5e60,Multi-channeled directional productivity,Completed,2021-08-13,2024-04-06,Medium
c478f6f1-b88e-4318-816d-83edad81f8bd,dc0f2fcf-b3f6-4e0d-8860-3b32b4fb0eb9,Switchable systemic challenge,Completed,2020-10-28,2020-09-01,Medium
088a93ec-70d9-49f8-89e2-60744f1639a0,74672cd9-362f-4e5c-93cd-6268610cf373,Reduced high-level superstructure,In Progress,2021-02-12,2021-07-14,Low
bf5ae7e6-53a3-4d5a-8b8c-5bdce8dd5e5a,f6f7f0cc-29ec-4e49-91bd-b8c0c71d5e60,Operative context-sensitive customer loyalty,Completed,2021-02-14,2029-03-05,High
87e5f0fe-5da8-46d2-b8b3-8a8be05fb8bc,70286046-49bc-473f-ad7b-f656218a1536,Profit-focused encompassing concept,In Progress,2022-03-09,2028-03-13,High
bf1e8366-4b8e-43d4-8e76-07adf7a67b94,44656d6b-81fb-48b3-89a7-d91fef2ae713,Mandatory bifurcated Local Area Network,In Progress,2020-08-21,2022-05-24,High
dc322c97-39c1-4262-b76c-8edec1101266,dc0f2fcf-b3f6-4e0d-8860-3b32b4fb0eb9,Synergistic uniform service-desk,In Progress,2023-05-19,2029-06-25,Low
6502d6a2-ca6a-4224-971e-16cc5da36f1b,74672cd9-362f-4e5c-93cd-6268610cf373,Advanced empowering monitoring,Completed,2021-01-18,2027-09-26,Medium
ac1e86d8-bfbf-497b-ac3e-7b0d5e5ba13d,935f2b0a-a138-4ddc-a2d9-de5d6a18ce4c,Fundamental optimal implementation,Not Started,2023-02-28,2021-11-04,Low
066803ee-78b2-4549-bbdb-c09eacc216a0,74672cd9-362f-4e5c-93cd-6268610cf373,Secured next generation Graphic Interface,Completed,2021-11-18,2021-01-27,Low
e8cda0cc-76da-4ca0-92e8-2f38a2a9d4d8,dc0f2fcf-b3f6-4e0d-8860-3b32b4fb0eb9,Total exuding projection,Completed,2023-06-22,2021-12-25,Low
0986bbeb-f23e-423d-8b9b-d93423c86d30,dc0f2fcf-b3f6-4e0d-8860-3b32b4fb0eb9,Innovative modular budgetary management,In Progress,2020-10-28,2023-12-29,High
637e4b01-22ba-410e-899c-a782e3236d1a,ff37d19c-2e76-428b-8735-44f9ea83bf00,Persevering holistic secured line,Completed,2024-08-05,2027-02-17,Medium
278ed00d-ba02-46ef-be05-5787965befdf,70286046-49bc-473f-ad7b-f656218a1536,Operative solution-oriented attitude,Not Started,2024-02-29,2026-12-10,High
08601833-479d-4cda-b396-ea37f065c817,935f2b0a-a138-4ddc-a2d9-de5d6a18ce4c,Team-oriented holistic data-warehouse,Completed,2023-10-09,2027-07-26,High
5cd8fe1a-dafe-48a9-bc71-e0bef3579560,d4aac9a3-3ed8-456c-9a09-dfa052828d80,Cross-platform systemic hub,Completed,2024-08-18,2026-02-06,Medium
30974b2b-46a0-4a9b-a5ec-7acd0f8035f5,935f2b0a-a138-4ddc-a2d9-de5d6a18ce4c,Decentralized logistical array,In Progress,2021-10-20,2020-05-12,Medium
3e5a87e3-5560-4b22-896b-5edb0cf2b69b,74672cd9-362f-4e5c-93cd-6268610cf373,De-engineered zero tolerance open system,In Progress,2021-09-29,2021-03-02,Low
350843f0-8de0-4fc2-83e1-5a85d46ef104,d4aac9a3-3ed8-456c-9a09-dfa052828d80,Reverse-engineered didactic emulation,Completed,2022-10-17,2022-07-05,Low
00b9d4a3-9892-40ac-a689-33a9c9e48e8c,70286046-49bc-473f-ad7b-f656218a1536,Grass-roots client-server capacity,Not Started,2024-08-05,2024-04-06,High
a93b12cd-1c24-420e-acab-d7e7cc6b66e5,d4aac9a3-3ed8-456c-9a09-dfa052828d80,Assimilated clear-thinking access,Completed,2023-01-18,2024-01-18,High
2c9b662e-040a-4aae-92e2-afd996bf10ab,44656d6b-81fb-48b3-89a7-d91fef2ae713,Fundamental actuating capacity,Not Started,2023-07-31,2028-12-12,Low
79eb4168-1045-46e5-bee3-eb791d181ee9,7de31a51-6694-4343-90ba-58e3d2762bdc,Organized zero-defect hierarchy,Not Started,2024-05-13,2021-11-08,High
f206c269-38b7-4c07-80fb-929673b6a09b,70286046-49bc-473f-ad7b-f656218a1536,Seamless 6thgeneration superstructure,Not Started,2024-06-08,2025-02-17,High
07f97d05-f6ca-4b8b-a4b1-f99175424646,7de31a51-6694-4343-90ba-58e3d2762bdc,Centralized mission-critical initiative,In Progress,2023-08-17,2021-11-01,Low
718d4d05-e8e2-4743-b65f-eea97d824264,935f2b0a-a138-4ddc-a2d9-de5d6a18ce4c,Compatible attitude-oriented Graphic Interface,In Progress,2021-04-05,2021-02-12,Medium
a21150f9-9fd3-4579-8667-72ce204e178c,f6f7f0cc-29ec-4e49-91bd-b8c0c71d5e60,Reduced neutral structure,Not Started,2022-10-07,2026-06-24,Low
4b7e6b3c-87d2-42a6-98ee-ac2bfe9fecaa,44656d6b-81fb-48b3-89a7-d91fef2ae713,Persevering motivating portal,Not Started,2023-08-29,2021-09-08,Low
da509fed-1d4a-4d81-b3a7-d0e0cb08587d,ff37d19c-2e76-428b-8735-44f9ea83bf00,Streamlined solution-oriented throughput,Not Started,2024-09-08,2023-08-29,High
3a7e8e14-e359-4ee1-b399-1a476e191042,74672cd9-362f-4e5c-93cd-6268610cf373,Open-source global knowledgebase,Not Started,2023-05-23,2027-01-28,High
6d4067f4-5003-4b35-9857-8bafbac7e2b9,ff37d19c-2e76-428b-8735-44f9ea83bf00,Intuitive static extranet,Completed,2023-03-08,2022-08-06,Low
112fa612-7969-4ed2-ac48-bf55afd380c4,d4aac9a3-3ed8-456c-9a09-dfa052828d80,Cross-group attitude-oriented array,Completed,2023-09-03,2021-08-23,High
cfd01cbd-5f65-48ce-bd21-bc11be9d61ee,dc0f2fcf-b3f6-4e0d-8860-3b32b4fb0eb9,De-engineered next generation approach,Not Started,2024-12-27,2029-07-21,High
1f4a8ca1-ab85-4d59-9463-adc78fca7b6a,f6f7f0cc-29ec-4e49-91bd-b8c0c71d5e60,Open-source heuristic secured line,Completed,2023-08-07,2020-11-15,Medium
4ffca6b1-99b4-49d4-89a2-14aef7e8f8e5,dc0f2fcf-b3f6-4e0d-8860-3b32b4fb0eb9,Multi-channeled bi-directional orchestration,Completed,2024-04-25,2023-08-14,High
39681c81-7b70-43b8-a81f-dec3279c658a,7de31a51-6694-4343-90ba-58e3d2762bdc,Customer-focused grid-enabled open architecture,In Progress,2023-02-15,2021-12-14,High
